Name,Ticker
Brazil ETF Volatility Index,VXEWZ
Capped VIX Premium Strategy Index,VPN
China ETF Volatility Index,VXFXI
Crude Oil ETF Volatility Index,OVX
DJIA Volatility Index,VXD
Emerging Markets ETF Volatility Index,VXEEM
Energy Sector ETF Volatility Index,VXXLE
Equity VIX on Amazon,VXAZN
Equity VIX on Apple,VXAPL
Equity VIX on Goldman Sachs,VXGS
Equity VIX on Google,VXGOG
Equity VIX on IBM,VXIBM
EuroCurrency ETF Volatility Index,EVZ
Gold ETF Volatility Index,GVZ
Gold Miners ETF Volatility Index,VXGDX
Interest Rate Swap Volatility Index,SRVX
Low Volatility Index,LOVOL
Nasdaq Volatility Index,VXN
Russell 2000 Volatility Index,RVX
S&P 100 Volatility Index,VXO
S&P 3-Month Volatility Index,VXV
S&P 500 SKEW Index,SKEW
Silver ETF Volatility Index,VXSLV
VIX Premium Strategy Index,VPD
VIX Tall Hedge Index,VXTH
VIX of VIX Index,VVIX
Volatility Index,VIX
